"","X.1","X","name","chamber","party","state","district","trump_score","trump_margin","predicted_score","trump_plus_minus"
"1",1,1,"David G. Valadao","House"," R","CA","21",1,-0.155,0.296,0.704
"2",2,2,"Carlos Curbelo","House"," R","FL","26",0.935,-0.161,0.284,0.652
"3",3,3,"Erik Paulsen","House"," R","MN","3",1,-0.094,0.428,0.572
"4",4,4,"Barbara Comstock","House"," R","VA","10",0.97,-0.1,0.413,0.556
"5",5,5,"Darrell E. Issa","House"," R","CA","49",1,-0.075,0.478,0.522
"6",6,6,"Edward R. Royce","House"," R","CA","39",0.97,-0.086,0.449,0.521
"7",7,7,"Ileana Ros-Lehtinen","House"," R","FL","27",0.75,-0.197,0.239,0.511
"8",8,8,"Stephen Knight","House"," R","CA","25",1,-0.067,0.5,0.5
"9",9,9,"Mike Coffman","House"," R","CO","6",0.939,-0.089,0.441,0.498
"10",10,10,"Peter J. Roskam","House"," R","IL","6",0.97,-0.07,0.492,0.478
"11",11,11,"Mimi Walters","House"," R","CA","45",1,-0.054,0.536,0.464
"12",12,12,"Henry Cuellar","House"," D","TX","28",0.697,-0.198,0.234,0.463
"13",13,13,"Martha McSally","House"," R","AZ","2",1,-0.049,0.55,0.45
"14",14,14,"Jeff Denham","House"," R","CA","10",1,-0.03,0.604,0.396
"15",15,15,"Will Hurd","House"," R","TX","23",0.97,-0.034,0.593,0.377
"16",16,16,"Pete Sessions","House"," R","TX","32",1,-0.019,0.631,0.369
"17",17,17,"John Abney Culberson","House"," R","TX","7",1,-0.014,0.649,0.351
"18",18,18,"John Katko","House"," R","NY","24",0.909,-0.036,0.587,0.322
"19",19,19,"Kevin Yoder","House"," R","KS","3",0.97,-0.012,0.654,0.316
"20",20,20,"Dana Rohrabacher","House"," R","CA","48",0.939,-0.017,0.64,0.299
"21",21,21,"Rodney P. Frelinghuysen","House"," R","NJ","11",1,0.009,0.71,0.29
"22",22,22,"Leonard Lance","House"," R","NJ","7",0.939,-0.011,0.657,0.283
"23",23,23,"David G. Reichert","House"," R","WA","8",0.875,-0.03,0.607,0.268
"24",24,24,"Ryan A. Costello","House"," R","PA","6",0.938,-0.006,0.673,0.265
"25",25,25,"Don Bacon","House"," R","NE","2",1,0.022,0.742,0.258
"26",26,26,"Patrick Meehan","House"," R","PA","7",0.879,-0.023,0.624,0.255
"27",27,27,"Jason Lewis","House"," R","MN","2",0.969,0.012,0.717,0.252
"28",28,28,"Paul D. Ryan*","House"," R","WI","1",1,0.103,0.754,0.246
"29",29,29,"Mario Diaz-Balart","House"," R","FL","25",0.97,0.017,0.73,0.24
"30",30,30,"Scott Taylor","House"," R","VA","2",1,0.034,0.773,0.227
"31",31,31,"David Young","House"," R","IA","3",1,0.035,0.773,0.227
"32",32,32,"Jim Costa","House"," D","CA","16",0.452,-0.216,0.225,0.227
"33",33,33,"Kyrsten Sinema","House"," D","AZ","9",0.484,-0.163,0.265,0.219
"34",34,34,"David A. Trott","House"," R","MI","11",1,0.044,0.793,0.207
"35",35,35,"Rod Blum","House"," R","IA","1",0.97,0.035,0.773,0.197
"36",36,36,"Randy Hultgren","House"," R","IL","14",0.97,0.039,0.782,0.188
"37",37,37,"Rob Woodall","House"," R","GA","7",1,0.063,0.83,0.17
"38",38,38,"Mike Bishop","House"," R","MI","8",1,0.067,0.838,0.162
"39",39,39,"Lloyd Smucker","House"," R","PA","16",1,0.068,0.839,0.161
"40",40,40,"Rodney Davis","House"," R","IL","13",0.97,0.055,0.815,0.155
"41",41,41,"Kenny Marchant","House"," R","TX","24",0.97,0.062,0.828,0.141
"42",42,42,"Dave Brat","House"," R","VA","7",0.969,0.065,0.831,0.138
"43",43,43,"Fred Upton","House"," R","MI","6",1,0.084,0.866,0.134
"44",44,44,"Steve Chabot","House"," R","OH","1",0.97,0.066,0.836,0.134
"45",45,45,"Mia B. Love","House"," R","UT","4",0.97,0.067,0.838,0.132
"46",46,46,"Michael T. McCaul","House"," R","TX","10",1,0.091,0.877,0.123
"47",47,47,"Michael R. Turner","House"," R","OH","10",0.97,0.073,0.848,0.122
"48",48,48,"Devin Nunes","House"," R","CA","22",1,0.095,0.883,0.117
"49",49,49,"Pete Olson","House"," R","TX","22",0.969,0.079,0.856,0.113
"50",50,50,"Dennis A. Ross","House"," R","FL","15",1,0.1,0.889,0.111
"51",51,51,"Thomas MacArthur","House"," R","NJ","3",0.939,0.062,0.828,0.111
"52",52,52,"Vern Buchanan","House"," R","FL","16",1,0.107,0.896,0.104
"53",53,53,"J. Luis Correa","House"," D","CA","46",0.242,-0.384,0.141,0.101
"54",54,54,"J. French Hill","House"," R","AR","2",1,0.107,0.902,0.098
"55",55,55,"Brian K. Fitzpatrick","House"," R","PA","8",0.788,0.002,0.692,0.096
"56",56,56,"Patrick J. Tiberi","House"," R","OH","12",1,0.113,0.905,0.095
"57",57,57,"Brian J. Mast","House"," R","FL","18",0.97,0.092,0.878,0.092
"58",58,58,"Susan W. Brooks","House"," R","IN","5",1,0.118,0.911,0.089
"59",59,59,"Ted Budd","House"," R","NC","13",0.97,0.094,0.881,0.089
"60",60,60,"Ted Poe","House"," R","TX","2",0.967,0.093,0.878,0.088
"61",61,61,"Gene Green","House"," D","TX","29",0.226,-0.457,0.137,0.088
"62",62,62,"Ken Calvert","House"," R","CA","42",1,0.12,0.913,0.087
"63",63,63,"George Holding","House"," R","NC","2",0.97,0.096,0.884,0.086
"64",64,64,"Mark E. Amodei","House"," R","NV","2",1,0.123,0.915,0.085
"65",65,65,"Jimmy Panetta","House"," D","CA","20",0.212,-0.472,0.129,0.083
"66",66,66,"David Schweikert","House"," R","AZ","6",0.97,0.1,0.889,0.081
"67",67,67,"Lamar Smith","House"," R","TX","21",0.97,0.1,0.889,0.081
"68",68,68,"John R. Carter","House"," R","TX","31",1,0.127,0.92,0.08
"69",69,69,"Robert Pittenger","House"," R","NC","9",1,0.116,0.922,0.078
"70",70,70,"Ann Wagner","House"," R","MO","2",0.97,0.103,0.893,0.077
"71",71,71,"Cathy McMorris Rodgers","House"," R","WA","5",1,0.131,0.924,0.076
"72",72,72,"Beto O'Rourke","House"," D","TX","16",0.212,-0.407,0.138,0.075
"73",73,73,"Bruce Poliquin","House"," R","ME","2",0.969,0.103,0.9,0.069
"74",74,74,"Albio Sires","House"," D","NJ","8",0.2,-0.542,0.134,0.066
"75",75,75,"Tom Reed","House"," R","NY","23",1,0.148,0.938,0.062
"76",76,76,"Mike Bost","House"," R","IL","12",1,0.148,0.938,0.062
"77",77,77,"John J. Faso","House"," R","NY","19",0.909,0.073,0.848,0.061
"78",78,78,"Paul Cook","House"," R","CA","8",1,0.151,0.94,0.06
"79",79,79,"Peter T. King","House"," R","NY","2",0.935,0.091,0.875,0.06
"80",80,80,"Earl L. ""Buddy"" Carter","House"," R","GA","1",1,0.155,0.94,0.06
"81",81,81,"Jaime Herrera Beutler","House"," R","WA","3",0.909,0.074,0.85,0.059
"82",82,82,"Anna G. Eshoo","House"," D","CA","18",0.182,-0.532,0.123,0.059
"83",83,83,"Andy Barr","House"," R","KY","6",1,0.153,0.941,0.059
"84",84,84,"Steve Stivers","House"," R","OH","15",1,0.154,0.942,0.058
"85",85,85,"Claudia Tenney","House"," R","NY","22",1,0.155,0.943,0.057
"86",86,86,"Scott R. Tipton","House"," R","CO","3",0.97,0.12,0.913,0.057
"87",87,87,"Charles W. Dent","House"," R","PA","15",0.909,0.076,0.853,0.056
"88",88,88,"Adam B. Schiff","House"," D","CA","28",0.182,-0.498,0.126,0.055
"89",89,89,"Bill Pascrell Jr.","House"," D","NJ","9",0.212,-0.312,0.158,0.054
"90",90,90,"Lee M. Zeldin","House"," R","NY","1",0.97,0.123,0.916,0.054
"91",91,91,"Joe Barton","House"," R","TX","6",0.969,0.123,0.915,0.054
"92",92,92,"Rick W. Allen","House"," R","GA","12",1,0.162,0.947,0.053
"93",93,93,"David Scott","House"," D","GA","13",0.194,-0.444,0.141,0.053
"94",94,94,"Mike Quigley","House"," D","IL","5",0.182,-0.466,0.13,0.052
"95",95,95,"Mike Thompson","House"," D","CA","5",0.182,-0.449,0.132,0.05
"96",96,96,"Brad Sherman","House"," D","CA","30",0.188,-0.434,0.138,0.049
"97",97,97,"Gregory W. Meeks","House"," D","NY","5",0.167,-0.73,0.118,0.049
"98",98,98,"Tim Walberg","House"," R","MI","7",1,0.17,0.952,0.048
"99",99,99,"Stevan Pearce","House"," R","NM","2",0.939,0.102,0.892,0.048
"100",100,100,"Adam Kinzinger","House"," R","IL","16",1,0.172,0.953,0.047
"101",101,101,"Bill Huizenga","House"," R","MI","2",1,0.176,0.955,0.045
"102",102,102,"Bill Flores","House"," R","TX","17",1,0.175,0.955,0.045
"103",103,103,"Joe Wilson","House"," R","SC","2",1,0.177,0.955,0.045
"104",104,104,"Lynn Jenkins","House"," R","KS","2",1,0.184,0.957,0.043
"105",105,105,"Steve Russell","House"," R","OK","5",0.969,0.134,0.926,0.042
"106",106,106,"Gerald E. Connolly","House"," D","VA","11",0.182,-0.394,0.14,0.042
"107",107,107,"Lucille Roybal-Allard","House"," D","CA","40",0.152,-0.694,0.11,0.042
"108",108,108,"Tom Rice","House"," R","SC","7",1,0.189,0.961,0.039
"109",109,109,"Chris Stewart","House"," R","UT","2",0.967,0.14,0.929,0.038
"110",110,110,"Doug LaMalfa","House"," R","CA","1",1,0.197,0.963,0.037
"111",111,111,"Thomas A. Garrett Jr.","House"," R","VA","5",0.939,0.111,0.903,0.037
"112",112,112,"Tim Murphy","House"," R","PA","18",1,0.196,0.963,0.037
"113",113,113,"Brenda L. Lawrence","House"," D","MI","14",0.156,-0.609,0.12,0.036
"114",114,114,"Scott H. Peters","House"," D","CA","52",0.242,-0.225,0.206,0.036
"115",115,115,"Robert A. Brady","House"," D","PA","1",0.152,-0.613,0.116,0.036
"116",116,116,"Greg Walden","House"," R","OR","2",1,0.201,0.965,0.035
"117",117,117,"Wm. Lacy Clay","House"," D","MO","1",0.156,-0.582,0.122,0.034
"118",118,118,"David P. Joyce","House"," R","OH","14",0.939,0.115,0.907,0.032
"119",119,119,"Roger Williams","House"," R","TX","25",0.97,0.149,0.938,0.031
"120",120,120,"Jack Bergman","House"," R","MI","1",1,0.213,0.969,0.031
"121",121,121,"Duncan Hunter","House"," R","CA","50",0.97,0.15,0.939,0.03
"122",122,122,"Mark Walker","House"," R","NC","6",0.964,0.147,0.934,0.03
"123",123,123,"Grace Meng","House"," D","NY","6",0.188,-0.33,0.158,0.03
"124",124,124,"Donald S. Beyer Jr.","House"," D","VA","8",0.161,-0.526,0.132,0.03
"125",125,125,"Kevin McCarthy","House"," R","CA","23",1,0.22,0.971,0.029
"126",126,126,"Jackie Walorski","House"," R","IN","2",1,0.232,0.973,0.027
"127",127,127,"Tulsi Gabbard","House"," D","HI","2",0.188,-0.318,0.161,0.026
"128",128,128,"Lou Barletta","House"," R","PA","11",1,0.238,0.974,0.026
"129",129,129,"Chris Collins","House"," R","NY","27",1,0.245,0.975,0.025
"130",130,130,"Marc A. Veasey","House"," D","TX","33",0.152,-0.492,0.127,0.024
"131",131,131,"Gregg Harper","House"," R","MS","3",1,0.245,0.976,0.024
"132",132,132,"Patrick T. McHenry","House"," R","NC","10",1,0.245,0.976,0.024
"133",133,133,"Eric Swalwell","House"," D","CA","15",0.156,-0.457,0.132,0.024
"134",134,134,"Richard Hudson","House"," R","NC","8",0.963,0.15,0.939,0.024
"135",135,135,"John R. Moolenaar","House"," R","MI","4",1,0.248,0.976,0.024
"136",136,136,"Ted S. Yoho","House"," R","FL","3",0.969,0.16,0.945,0.024
"137",137,137,"Michael K. Simpson","House"," R","ID","2",1,0.247,0.977,0.023
"138",138,138,"Brad R. Wenstrup","House"," R","OH","2",0.97,0.161,0.947,0.023
"139",139,139,"Trey Gowdy","House"," R","SC","4",1,0.257,0.977,0.023
"140",140,140,"Daniel M. Donovan Jr.","House"," R","NY","11",0.909,0.098,0.886,0.023
"141",141,141,"Mike Kelly","House"," R","PA","3",1,0.261,0.977,0.023
"142",142,142,"C. A. Dutch Ruppersberger","House"," D","MD","2",0.212,-0.246,0.19,0.022
"143",143,143,"Harold Rogers","House"," R","KY","5",1,0.621,0.978,0.022
"144",144,144,"Michael C. Burgess","House"," R","TX","26",1,0.265,0.978,0.022
"145",145,145,"John H. Rutherford","House"," R","FL","4",1,0.28,0.978,0.022
"146",146,146,"Dwight Evans","House"," D","PA","2",0.125,-0.828,0.103,0.022
"147",147,147,"Frank A. LoBiondo","House"," R","NJ","2",0.818,0.046,0.797,0.022
"148",148,148,"Robert B. Aderholt","House"," R","AL","4",1,0.63,0.978,0.022
"149",149,149,"Mac Thornberry","House"," R","TX","13",1,0.63,0.978,0.022
"150",150,150,"Jim Cooper","House"," D","TN","5",0.273,-0.184,0.251,0.021
"151",151,151,"Thomas J. Rooney","House"," R","FL","17",1,0.272,0.979,0.021
"152",152,152,"K. Michael Conaway","House"," R","TX","11",1,0.587,0.979,0.021
"153",153,153,"Doug Collins","House"," R","GA","9",1,0.585,0.979,0.021
"154",154,154,"Robert J. Wittman","House"," R","VA","1",0.938,0.124,0.917,0.021
"155",155,155,"Tom Graves","House"," R","GA","14",1,0.529,0.98,0.02
"156",156,156,"Kay Granger","House"," R","TX","12",1,0.302,0.98,0.02
"157",157,157,"Jeb Hensarling","House"," R","TX","5",1,0.284,0.98,0.02
"158",158,158,"Adrian Smith","House"," R","NE","3",1,0.549,0.98,0.02
"159",159,159,"Glenn Thompson","House"," R","PA","5",1,0.288,0.98,0.02
"160",160,160,"Austin Scott","House"," R","GA","8",1,0.289,0.98,0.02
"161",161,161,"Frank D. Lucas","House"," R","OK","3",1,0.527,0.98,0.02
"162",162,162,"Bradley Byrne","House"," R","AL","1",1,0.294,0.98,0.02
"163",163,163,"Doris O. Matsui","House"," D","CA","6",0.152,-0.448,0.132,0.019
"164",164,164,"Evan H. Jenkins","House"," R","WV","3",1,0.492,0.981,0.019
"165",165,165,"Kevin Brady","House"," R","TX","8",1,0.488,0.981,0.019
"166",166,166,"James Comer","House"," R","KY","1",1,0.485,0.981,0.019
"167",167,167,"Steve Scalise","House"," R","LA","1",1,0.42,0.981,0.019
"168",168,168,"John Shimkus","House"," R","IL","15",1,0.462,0.981,0.019
"169",169,169,"Ro Khanna","House"," D","CA","17",0.125,-0.534,0.106,0.019
"170",170,170,"Sam Graves","House"," R","MO","6",1,0.314,0.981,0.019
"171",171,171,"Steve Womack","House"," R","AR","3",1,0.314,0.981,0.019
"172",172,172,"Steven M. Palazzo","House"," R","MS","4",1,0.412,0.981,0.019
"173",173,173,"Nancy Pelosi","House"," D","CA","12",0.129,-0.775,0.11,0.019
"174",174,174,"Martha Roby","House"," R","AL","2",1,0.319,0.981,0.019
"175",175,175,"Kevin Cramer","House"," R","ND","0",1,0.357,0.982,0.018
"176",176,176,"Danny K. Davis","House"," D","IL","7",0.125,-0.782,0.107,0.018
"177",177,177,"Glenn Grothman","House"," R","WI","6",0.97,0.169,0.951,0.018
"178",178,178,"Rick Crawford ","House"," R","AR","1",1,0.348,0.982,0.018
"179",179,179,"Tom Cole","House"," R","OK","4",1,0.374,0.982,0.018
"180",180,180,"Bill Johnson","House"," R","OH","6",1,0.426,0.982,0.018
"181",181,181,"Bill Shuster","House"," R","PA","9",1,0.425,0.982,0.018
"182",182,182,"David B. McKinley","House"," R","WV","1",1,0.416,0.982,0.018
"183",183,183,"Larry Bucshon","House"," R","IN","8",1,0.337,0.982,0.018
"184",184,184,"Todd Rokita","House"," R","IN","4",1,0.341,0.982,0.018
"185",185,185,"Brett Guthrie","House"," R","KY","2",1,0.399,0.982,0.018
"186",186,186,"Chuck Fleischmann ","House"," R","TN","3",1,0.352,0.982,0.018
"187",187,187,"Blaine Luetkemeyer","House"," R","MO","3",1,0.39,0.982,0.018
"188",188,188,"Neal P. Dunn","House"," R","FL","2",1,0.356,0.982,0.018
"189",189,189,"Vicky Hartzler","House"," R","MO","4",1,0.36,0.982,0.018
"190",190,190,"Ron DeSantis","House"," R","FL","6",0.97,0.17,0.952,0.018
"191",191,191,"Clay Higgins","House"," R","LA","3",1,0.381,0.982,0.018
"192",192,192,"Tom Marino","House"," R","PA","10",1,0.359,0.982,0.018
"193",193,193,"Elijah E. Cummings","House"," D","MD","7",0.133,-0.55,0.117,0.017
"194",194,194,"Virginia Foxx","House"," R","NC","5",0.97,0.175,0.954,0.015
"195",195,195,"Mike Gallagher","House"," R","WI","8",0.97,0.176,0.955,0.015
"196",196,196,"Terri A. Sewell","House"," D","AL","7",0.152,-0.412,0.137,0.015
"197",197,197,"Norma J. Torres","House"," D","CA","35",0.156,-0.408,0.142,0.014
"198",198,198,"Michael E. Capuano","House"," D","MA","7",0.125,-0.722,0.111,0.014
"199",199,199,"Dan Newhouse","House"," R","WA","4",1,0.228,0.987,0.013
"200",200,200,"Hakeem S. Jeffries","House"," D","NY","8",0.121,-0.711,0.108,0.013
"201",201,201,"Alma S. Adams","House"," D","NC","12",0.152,-0.4,0.139,0.013
"202",202,202,"David E. Price","House"," D","NC","4",0.152,-0.4,0.139,0.013
"203",203,203,"David Rouzer","House"," R","NC","7",0.969,0.177,0.956,0.013
"204",204,204,"Carolyn B. Maloney","House"," D","NY","12",0.125,-0.698,0.113,0.012
"205",205,205,"Donald M. Payne Jr.","House"," D","NJ","10",0.1,-0.724,0.088,0.012
"206",206,206,"Frederica S. Wilson","House"," D","FL","24",0.133,-0.677,0.122,0.012
"207",207,207,"Jason Chaffetz","House"," R","UT","3",1,0.239,0.989,0.011
"208",208,208,"Joyce Beatty","House"," D","OH","3",0.152,-0.384,0.141,0.01
"209",209,209,"Gus M. Bilirakis","House"," R","FL","12",0.97,0.186,0.96,0.01
"210",210,210,"Elise M. Stefanik","House"," R","NY","21",0.939,0.139,0.931,0.009
"211",211,211,"G. K. Butterfield","House"," D","NC","1",0.156,-0.37,0.148,0.008
"212",212,212,"Val Butler Demings","House"," D","FL","10",0.182,-0.269,0.176,0.006
"213",213,213,"Eddie Bernice Johnson","House"," D","TX","30",0.133,-0.608,0.128,0.006
"214",214,214,"Michael F. Doyle","House"," D","PA","14",0.152,-0.359,0.146,0.005
"215",215,215,"Randy K. Weber Sr.","House"," R","TX","14",0.968,0.198,0.962,0.005
"216",216,216,"Al Green","House"," D","TX","9",0.121,-0.613,0.116,0.005
"217",217,217,"John Conyers Jr.","House"," D","MI","13",0.121,-0.607,0.116,0.005
"218",218,218,"Jerrold Nadler","House"," D","NY","10",0.133,-0.595,0.129,0.004
"219",219,219,"Susan A. Davis","House"," D","CA","53",0.152,-0.349,0.148,0.003
"220",220,220,"Robin L. Kelly","House"," D","IL","2",0.121,-0.589,0.118,0.003
"221",221,221,"Jackie Speier","House"," D","CA","14",0.121,-0.587,0.118,0.003
"222",222,222,"Anthony G. Brown","House"," D","MD","4",0.125,-0.585,0.122,0.003
"223",223,223,"Bill Posey","House"," R","FL","8",0.97,0.207,0.967,0.003
"224",224,224,"Joseph Crowley","House"," D","NY","14",0.121,-0.579,0.119,0.002
"225",225,225,"Keith J. Rothfus","House"," R","PA","12",0.97,0.208,0.967,0.002
"226",226,226,"Steve Cohen","House"," D","TN","9",0.121,-0.577,0.119,0.002
"227",227,227,"Trent Franks","House"," R","AZ","8",0.97,0.211,0.968,0.001
"228",228,228,"Sheila Jackson Lee","House"," D","TX","18",0.125,-0.565,0.124,0.001
"229",229,229,"Sam Johnson","House"," R","TX","3",0.931,0.142,0.93,0.001
"230",230,230,"Jeff Fortenberry","House"," R","NE","1",0.969,0.213,0.968,0.001
"231",231,231,"Sean P. Duffy","House"," R","WI","7",0.969,0.205,0.968,0.001
"232",232,232,"Scott Perry","House"," R","PA","4",0.97,0.215,0.969,0
"233",233,233,"Lloyd Doggett","House"," D","TX","35",0.152,-0.336,0.151,0
"234",234,234,"Karen Bass","House"," D","CA","37",0.1,-0.761,0.1,0
"235",235,235,"Francis Rooney","House"," R","FL","19",0.97,0.221,0.971,-0.001
"236",236,236,"Hank Johnson Jr.","House"," D","GA","4",0.125,-0.531,0.127,-0.002
"237",237,237,"Eliot L. Engel","House"," D","NY","16",0.129,-0.526,0.132,-0.003
"238",238,238,"Al Lawson Jr.","House"," D","FL","5",0.182,-0.254,0.185,-0.003
"239",239,239,"Gwen Moore","House"," D","WI","4",0.125,-0.522,0.128,-0.003
"240",240,240,"Ken Buck","House"," R","CO","4",0.97,0.231,0.973,-0.003
"241",241,241,"Stephen F. Lynch","House"," D","MA","8",0.161,-0.26,0.165,-0.004
"242",242,242,"Zoe Lofgren","House"," D","CA","19",0.121,-0.514,0.125,-0.004
"243",243,243,"Blake Farenthold","House"," R","TX","27",0.97,0.236,0.974,-0.004
"244",244,244,"Doug Lamborn","House"," R","CO","5",0.97,0.24,0.975,-0.005
"245",245,245,"Alan S. Lowenthal","House"," D","CA","47",0.152,-0.316,0.157,-0.005
"246",246,246,"José E. Serrano","House"," D","NY","15",0.091,-0.889,0.097,-0.006
"247",247,247,"Bob Goodlatte","House"," R","VA","6",0.97,0.248,0.976,-0.006
"248",248,248,"Barry Loudermilk","House"," R","GA","11",0.97,0.25,0.976,-0.007
"249",249,249,"Robert E. Latta","House"," R","OH","5",0.97,0.251,0.976,-0.007
"250",250,250,"Mike Johnson","House"," R","LA","4",0.969,0.24,0.976,-0.007
"251",251,251,"Jody B. Hice","House"," R","GA","10",0.97,0.255,0.977,-0.007
"252",252,252,"Earl Blumenauer","House"," D","OR","3",0.133,-0.482,0.141,-0.008
"253",253,253,"Tom Emmer","House"," R","MN","6",0.97,0.257,0.977,-0.008
"254",254,254,"Betty McCollum","House"," D","MN","4",0.152,-0.309,0.159,-0.008
"255",255,255,"John P. Sarbanes","House"," D","MD","3",0.152,-0.308,0.16,-0.008
"256",256,256,"Donald Norcross","House"," D","NJ","1",0.182,-0.245,0.191,-0.009
"257",257,257,"Darin LaHood","House"," R","IL","18",0.97,0.273,0.979,-0.009
"258",258,258,"Jared Huffman","House"," D","CA","2",0.121,-0.457,0.131,-0.01
"259",259,259,"David P. Roe","House"," R","TN","1",0.97,0.57,0.98,-0.01
"260",260,260,"Rob Bishop","House"," R","UT","1",0.969,0.273,0.979,-0.01
"261",261,261,"Andy Harris","House"," R","MD","1",0.97,0.284,0.98,-0.01
"262",262,262,"James B. Renacci","House"," R","OH","16",0.939,0.166,0.95,-0.01
"263",263,263,"Jason Smith","House"," R","MO","8",0.97,0.544,0.98,-0.01
"264",264,264,"Ralph Lee Abraham","House"," R","LA","5",0.97,0.294,0.98,-0.011
"265",265,265,"Mark Meadows","House"," R","NC","11",0.97,0.294,0.98,-0.011
"266",266,266,"Bob Gibbs","House"," R","OH","7",0.97,0.297,0.981,-0.011
"267",267,267,"Kristi L. Noem","House"," R","SD","0",0.97,0.298,0.981,-0.011
"268",268,268,"Jodey C. Arrington","House"," R","TX","19",0.97,0.49,0.981,-0.011
"269",269,269,"Diane Black","House"," R","TN","6",0.97,0.489,0.981,-0.011
"270",270,270,"Daniel Lipinski","House"," D","IL","3",0.281,-0.153,0.293,-0.011
"271",271,271,"Brian Babin","House"," R","TX","36",0.97,0.468,0.981,-0.011
"272",272,272,"Liz Cheney","House"," R","WY","0",0.97,0.463,0.981,-0.012
"273",273,273,"A. Drew Ferguson IV","House"," R","GA","3",0.97,0.315,0.981,-0.012
"274",274,274,"Billy Long","House"," R","MO","7",0.97,0.457,0.981,-0.012
"275",275,275,"Roger W. Marshall","House"," R","KS","1",0.97,0.45,0.981,-0.012
"276",276,276,"Gary J. Palmer","House"," R","AL","6",0.97,0.447,0.981,-0.012
"277",277,277,"Paul Mitchell","House"," R","MI","10",0.97,0.322,0.982,-0.012
"278",278,278,"Bruce Westerman","House"," R","AR","4",0.97,0.329,0.982,-0.012
"279",279,279,"Trent Kelly","House"," R","MS","1",0.97,0.33,0.982,-0.012
"280",280,280,"Mike Rogers","House"," R","AL","3",0.97,0.33,0.982,-0.012
"281",281,281,"Daniel Webster","House"," R","FL","11",0.969,0.323,0.981,-0.012
"282",282,282,"Jim Banks","House"," R","IN","3",0.97,0.35,0.982,-0.012
"283",283,283,"David Kustoff","House"," R","TN","8",0.97,0.356,0.982,-0.012
"284",284,284,"Jeff Duncan","House"," R","SC","3",0.97,0.38,0.982,-0.012
"285",285,285,"Alexander X. Mooney","House"," R","WV","2",0.97,0.364,0.982,-0.012
"286",286,286,"Luke Messer","House"," R","IN","6",0.969,0.403,0.981,-0.013
"287",287,287,"Paul A. Gosar","House"," R","AZ","4",0.969,0.402,0.981,-0.013
"288",288,288,"Marsha Blackburn","House"," R","TN","7",0.969,0.393,0.982,-0.013
"289",289,289,"H. Morgan Griffith","House"," R","VA","9",0.968,0.415,0.981,-0.013
"290",290,290,"Jim Jordan","House"," R","OH","4",0.968,0.336,0.981,-0.013
"291",291,291,"Bradley Scott Schneider","House"," D","IL","10",0.152,-0.294,0.165,-0.013
"292",292,292,"Markwayne Mullin","House"," R","OK","2",0.969,0.501,0.982,-0.013
"293",293,293,"Cedric L. Richmond","House"," D","LA","2",0.1,-0.524,0.114,-0.014
"294",294,294,"Katherine M. Clark","House"," D","MA","5",0.143,-0.436,0.157,-0.015
"295",295,295,"Bennie G. Thompson","House"," D","MS","2",0.156,-0.285,0.173,-0.017
"296",296,296,"Nanette Diaz Barragán","House"," D","CA","44",0.091,-0.707,0.109,-0.018
"297",297,297,"Pramila Jayapal","House"," D","WA","7",0.091,-0.699,0.109,-0.018
"298",298,298,"Ted Lieu","House"," D","CA","33",0.1,-0.413,0.12,-0.02
"299",299,299,"Dina Titus","House"," D","NV","1",0.125,-0.29,0.146,-0.021
"300",300,300,"Linda T. Sánchez","House"," D","CA","38",0.094,-0.396,0.115,-0.021
"301",301,301,"Judy Chu","House"," D","CA","27",0.121,-0.376,0.143,-0.022
"302",302,302,"James E. Clyburn","House"," D","SC","6",0.138,-0.365,0.16,-0.022
"303",303,303,"Marcia L. Fudge","House"," D","OH","11",0.091,-0.635,0.114,-0.023
"304",304,304,"Tony Cárdenas","House"," D","CA","29",0.091,-0.609,0.116,-0.025
"305",305,305,"Joaquin Castro","House"," D","TX","20",0.152,-0.267,0.177,-0.026
"306",306,306,"F. James Sensenbrenner Jr.","House"," R","WI","5",0.939,0.201,0.965,-0.026
"307",307,307,"Grace F. Napolitano","House"," D","CA","32",0.103,-0.389,0.129,-0.026
"308",308,308,"Debbie Dingell","House"," D","MI","12",0.152,-0.263,0.179,-0.028
"309",309,309,"Tom McClintock","House"," R","CA","4",0.909,0.147,0.937,-0.028
"310",310,310,"Don Young","House"," R","AK","0",0.909,0.147,0.937,-0.028
"311",311,311,"Julia Brownley","House"," D","CA","26",0.182,-0.219,0.212,-0.03
"312",312,312,"Brendan F. Boyle","House"," D","PA","13",0.121,-0.336,0.151,-0.03
"313",313,313,"Raja Krishnamoorthi","House"," D","IL","8",0.182,-0.217,0.213,-0.032
"314",314,314,"David N. Cicilline","House"," D","RI","1",0.152,-0.256,0.183,-0.032
"315",315,315,"Marcy Kaptur","House"," D","OH","9",0.161,-0.222,0.193,-0.032
"316",316,316,"Colleen Hanabusa","House"," D","HI","1",0.121,-0.326,0.154,-0.033
"317",317,317,"Bobby Scott ","House"," D","VA","3",0.121,-0.317,0.157,-0.035
"318",318,318,"Juan Vargas","House"," D","CA","51",0.091,-0.49,0.127,-0.036
"319",319,319,"Mark DeSaulnier","House"," D","CA","11",0.091,-0.488,0.128,-0.037
"320",320,320,"Pete Aguilar","House"," D","CA","31",0.188,-0.211,0.224,-0.037
"321",321,321,"Adriano Espaillat","House"," D","NY","13",0.061,-0.869,0.098,-0.037
"322",322,322,"Ruben Gallego","House"," D","AZ","7",0.094,-0.492,0.131,-0.037
"323",323,323,"Steny H. Hoyer","House"," D","MD","5",0.121,-0.31,0.159,-0.038
"324",324,324,"Filemon Vela","House"," D","TX","34",0.156,-0.215,0.195,-0.039
"325",325,325,"Trey Hollingsworth","House"," R","IN","9",0.939,0.269,0.979,-0.039
"326",326,326,"Diana DeGette","House"," D","CO","1",0.091,-0.458,0.131,-0.04
"327",327,327,"Jim Bridenstine","House"," R","OK","1",0.939,0.287,0.98,-0.041
"328",328,328,"Janice D. Schakowsky","House"," D","IL","9",0.091,-0.452,0.132,-0.041
"329",329,329,"John Ratcliffe","House"," R","TX","4",0.939,0.536,0.98,-0.041
"330",330,330,"Barbara Lee","House"," D","CA","13",0.061,-0.806,0.102,-0.041
"331",331,331,"Adam Smith","House"," D","WA","9",0.1,-0.472,0.142,-0.042
"332",332,332,"Garret Graves","House"," R","LA","6",0.939,0.338,0.982,-0.042
"333",333,333,"Scott DesJarlais","House"," R","TN","4",0.939,0.412,0.982,-0.043
"334",334,334,"Louie Gohmert","House"," R","TX","1",0.938,0.469,0.981,-0.043
"335",335,335,"Mo Brooks","House"," R","AL","5",0.938,0.334,0.981,-0.044
"336",336,336,"Steve King","House"," R","IA","4",0.933,0.274,0.977,-0.044
"337",337,337,"Warren Davidson","House"," R","OH","8",0.938,0.345,0.981,-0.044
"338",338,338,"Mark Sanford","House"," R","SC","1",0.879,0.131,0.924,-0.045
"339",339,339,"Nydia M. Velázquez","House"," D","NY","7",0.063,-0.765,0.108,-0.045
"340",340,340,"Bill Foster","House"," D","IL","11",0.152,-0.235,0.198,-0.046
"341",341,341,"Salud O. Carbajal","House"," D","CA","24",0.182,-0.202,0.229,-0.047
"342",342,342,"Raúl R. Labrador","House"," R","ID","1",0.935,0.383,0.983,-0.047
"343",343,343,"John Lewis","House"," D","GA","5",0.063,-0.731,0.11,-0.048
"344",344,344,"James A. Himes","House"," D","CT","4",0.152,-0.23,0.202,-0.05
"345",345,345,"Yvette D. Clarke","House"," D","NY","9",0.063,-0.691,0.113,-0.051
"346",346,346,"Mark Takano","House"," D","CA","41",0.125,-0.279,0.176,-0.051
"347",347,347,"Suzanne Bonamici","House"," D","OR","1",0.152,-0.228,0.204,-0.052
"348",348,348,"Brian Higgins","House"," D","NY","26",0.188,-0.196,0.24,-0.053
"349",349,349,"Mark Pocan","House"," D","WI","2",0.091,-0.368,0.144,-0.053
"350",350,350,"John B. Larson","House"," D","CT","1",0.125,-0.231,0.179,-0.054
"351",351,351,"Luis V. Gutiérrez","House"," D","IL","4",0.067,-0.689,0.121,-0.054
"352",352,352,"Niki Tsongas","House"," D","MA","3",0.129,-0.228,0.184,-0.055
"353",353,353,"Maxine Waters","House"," D","CA","43",0.061,-0.617,0.116,-0.055
"354",354,354,"Peter Welch","House"," D","VT","0",0.121,-0.264,0.179,-0.057
"355",355,355,"Ron Estes","House"," R","KS","4",0.875,0.272,0.933,-0.058
"356",356,356,"Rick Larsen","House"," D","WA","2",0.152,-0.221,0.21,-0.058
"357",357,357,"Andy Biggs","House"," R","AZ","5",0.909,0.211,0.968,-0.059
"358",358,358,"Debbie Wasserman Schultz","House"," D","FL","23",0.121,-0.261,0.18,-0.059
"359",359,359,"Alcee L. Hastings","House"," D","FL","20",0.067,-0.621,0.127,-0.06
"360",360,360,"Jamie Raskin","House"," D","MD","8",0.091,-0.337,0.151,-0.06
"361",361,361,"Keith Ellison","House"," D","MN","5",0.061,-0.552,0.121,-0.061
"362",362,362,"Vicente Gonzalez","House"," D","TX","15",0.212,-0.167,0.276,-0.064
"363",363,363,"Bobby L. Rush","House"," D","IL","1",0.133,-0.54,0.204,-0.071
"364",364,364,"Joseph P. Kennedy III","House"," D","MA","4",0.121,-0.242,0.193,-0.071
"365",365,365,"Richard E. Neal","House"," D","MA","1",0.152,-0.207,0.224,-0.072
"366",366,366,"Matt Gaetz","House"," R","FL","1",0.909,0.393,0.982,-0.073
"367",367,367,"John J. Duncan Jr.","House"," R","TN","2",0.909,0.354,0.982,-0.073
"368",368,368,"Lois Frankel","House"," D","FL","21",0.172,-0.195,0.246,-0.074
"369",369,369,"Seth Moulton","House"," D","MA","6",0.182,-0.179,0.258,-0.076
"370",370,370,"Nita M. Lowey","House"," D","NY","17",0.152,-0.202,0.229,-0.078
"371",371,371,"A. Donald McEachin","House"," D","VA","4",0.125,-0.216,0.208,-0.083
"372",372,372,"Justin Amash","House"," R","MI","3",0.788,0.094,0.881,-0.093
"373",373,373,"Jared Polis","House"," D","CO","2",0.121,-0.213,0.217,-0.096
"374",374,374,"Sanford D. Bishop Jr.","House"," D","GA","2",0.281,-0.117,0.378,-0.097
"375",375,375,"Jerry McNerney","House"," D","CA","9",0.152,-0.186,0.249,-0.097
"376",376,376,"Raúl M. Grijalva","House"," D","AZ","3",0.061,-0.299,0.163,-0.102
"377",377,377,"John K. Delaney","House"," D","MD","6",0.188,-0.161,0.29,-0.102
"378",378,378,"Kathy Castor","House"," D","FL","14",0.156,-0.182,0.26,-0.104
"379",379,379,"Theodore E. Deutch","House"," D","FL","22",0.161,-0.158,0.272,-0.111
"380",380,380,"James P. McGovern","House"," D","MA","2",0.121,-0.194,0.238,-0.117
"381",381,381,"André Carson","House"," D","IN","7",0.1,-0.228,0.22,-0.12
"382",382,382,"Bonnie Watson Coleman","House"," D","NJ","12",0.03,-0.332,0.152,-0.122
"383",383,383,"Ed Perlmutter","House"," D","CO","7",0.242,-0.12,0.366,-0.124
"384",384,384,"Suzan K. DelBene","House"," D","WA","1",0.152,-0.163,0.283,-0.131
"385",385,385,"Louise McIntosh Slaughter","House"," D","NY","25",0.115,-0.164,0.255,-0.139
"386",386,386,"Rosa L. DeLauro","House"," D","CT","3",0.152,-0.155,0.296,-0.145
"387",387,387,"Stephanie N. Murphy","House"," D","FL","7",0.333,-0.073,0.484,-0.15
"388",388,388,"Ben Ray Luján","House"," D","NM","3",0.152,-0.151,0.303,-0.152
"389",389,389,"John A. Yarmuth","House"," D","KY","3",0.152,-0.15,0.305,-0.153
"390",390,390,"Chellie Pingree","House"," D","ME","1",0.156,-0.148,0.313,-0.157
"391",391,391,"Michelle Lujan Grisham","House"," D","NM","1",0.121,-0.165,0.279,-0.158
"392",392,392,"Darren Soto","House"," D","FL","9",0.182,-0.129,0.346,-0.165
"393",393,393,"Ami Bera","House"," D","CA","7",0.212,-0.114,0.38,-0.167
"394",394,394,"John Garamendi","House"," D","CA","3",0.182,-0.126,0.353,-0.171
"395",395,395,"Derek Kilmer","House"," D","WA","6",0.182,-0.123,0.359,-0.177
"396",396,396,"Emanuel Cleaver","House"," D","MO","5",0.138,-0.135,0.316,-0.179
"397",397,397,"Christopher H. Smith","House"," R","NJ","4",0.758,0.148,0.938,-0.18
"398",398,398,"Paul Tonko","House"," D","NY","20",0.161,-0.135,0.344,-0.182
"399",399,399,"Thomas Massie","House"," R","KY","4",0.788,0.359,0.982,-0.194
"400",400,400,"Denny Heck","House"," D","WA","10",0.182,-0.114,0.38,-0.198
"401",401,401,"Peter J. Visclosky","House"," D","IN","1",0.152,-0.126,0.353,-0.201
"402",402,402,"Frank Pallone Jr.","House"," D","NJ","6",0.091,-0.156,0.294,-0.203
"403",403,403,"William R. Keating","House"," D","MA","9",0.182,-0.107,0.396,-0.214
"404",404,404,"Lisa Blunt Rochester","House"," D","DE","0",0.152,-0.114,0.379,-0.227
"405",405,405,"Kurt Schrader","House"," D","OR","5",0.313,-0.042,0.572,-0.26
"406",406,406,"Raul Ruiz","House"," D","CA","36",0.182,-0.088,0.444,-0.262
"407",407,407,"Thomas R. Suozzi","House"," D","NY","3",0.219,-0.061,0.511,-0.292
"408",408,408,"Kathleen M. Rice","House"," D","NY","4",0.121,-0.096,0.423,-0.302
"409",409,409,"Tom O'Halleran","House"," D","AZ","1",0.394,0.011,0.715,-0.321
"410",410,410,"Tim Ryan","House"," D","OH","13",0.182,-0.065,0.506,-0.324
"411",411,411,"Walter B. Jones","House"," R","NC","3",0.643,0.236,0.971,-0.328
"412",412,412,"James R. Langevin","House"," D","RI","2",0.152,-0.071,0.489,-0.338
"413",413,413,"Sander M. Levin","House"," D","MI","9",0.121,-0.078,0.47,-0.349
"414",414,414,"Josh Gottheimer","House"," D","NJ","5",0.364,0.011,0.715,-0.351
"415",415,415,"Charlie Crist","House"," D","FL","13",0.242,-0.032,0.598,-0.356
"416",416,416,"Collin C. Peterson","House"," D","MN","7",0.613,0.308,0.98,-0.367
"417",417,417,"Ruben J. Kihuen","House"," D","NV","4",0.152,-0.049,0.55,-0.399
"418",418,418,"Daniel T. Kildee","House"," D","MI","5",0.161,-0.042,0.576,-0.414
"419",419,419,"Elizabeth H. Esty","House"," D","CT","5",0.152,-0.041,0.573,-0.422
"420",420,420,"Ann M. Kuster","House"," D","NH","2",0.182,-0.024,0.621,-0.439
"421",421,421,"Joe Courtney","House"," D","CT","2",0.152,-0.029,0.607,-0.455
"422",422,422,"Jacky Rosen","House"," D","NV","3",0.242,0.01,0.712,-0.47
"423",423,423,"Sean Patrick Maloney","House"," D","NY","18",0.212,0.019,0.735,-0.523
"424",424,424,"Cheri Bustos","House"," D","IL","17",0.182,0.007,0.705,-0.523
"425",425,425,"Peter A. DeFazio","House"," D","OR","4",0.156,-0.001,0.686,-0.53
"426",426,426,"Carol Shea-Porter","House"," D","NH","1",0.152,0.016,0.728,-0.576
"427",427,427,"Ron Kind","House"," D","WI","3",0.212,0.045,0.795,-0.582
"428",428,428,"David Loebsack","House"," D","IA","2",0.182,0.041,0.786,-0.604
"429",429,429,"Matt Cartwright","House"," D","PA","17",0.219,0.101,0.891,-0.672
"430",430,430,"Timothy J. Walz","House"," D","MN","1",0.212,0.149,0.938,-0.726
"431",431,431,"Richard M. Nolan","House"," D","MN","8",0.182,0.156,0.943,-0.762
